Page,Job URLs Found,Rows Added,Timestamp
1,25,74,2026-09-28T16:46:58
2,25,45,2026-09-28T16:47:32
3,25,34,2026-09-28T16:48:06
4,25,34,2026-09-28T16:48:40
5,25,35,2026-09-28T16:49:14
6,25,36,2026-09-28T16:49:47
7,25,44,2026-09-28T16:50:21
8,25,31,2026-09-28T16:50:53
9,25,64,2026-09-28T16:51:27
10,25,48,2026-09-28T16:52:00
11,25,34,2026-09-28T16:52:33
12,25,71,2026-09-28T16:53:06
13,25,44,2026-09-28T16:53:39
14,25,31,2026-09-28T16:54:11
15,25,47,2026-09-28T16:54:43
16,25,31,2026-09-28T17:42:42
17,25,64,2026-09-28T17:43:17
18,25,53,2026-09-28T17:43:51
19,25,47,2026-09-28T17:44:24
20,25,60,2026-09-28T17:44:58
21,25,46,2026-09-28T17:45:31
22,25,63,2026-09-28T17:46:05
23,25,40,2026-09-28T17:46:39
24,25,31,2026-09-28T17:47:13
25,25,32,2026-09-28T17:47:46
26,25,78,2026-09-28T17:48:21
27,25,54,2026-09-28T17:48:54
28,25,32,2026-09-28T17:49:26
29,25,51,2026-09-28T17:49:59
30,25,36,2026-09-28T17:50:31
31,25,55,2026-09-28T18:10:40
32,25,52,2026-09-28T18:11:14
33,25,35,2026-09-28T18:11:49
34,25,32,2026-09-28T18:12:23
35,25,42,2026-09-28T18:12:56
36,25,43,2026-09-28T18:13:30
37,25,35,2026-09-28T18:14:04
38,25,44,2026-09-28T18:14:37
39,25,44,2026-09-28T18:15:12
40,25,40,2026-09-28T18:15:46
41,25,41,2026-09-28T18:16:19
42,25,36,2026-09-28T18:16:52
43,25,39,2026-09-28T18:17:24
44,25,32,2026-09-28T18:17:57
45,25,51,2026-09-28T18:18:30
46,25,28,2026-09-28T18:38:44
47,25,30,2026-09-28T18:39:25
48,25,47,2026-09-28T18:40:03
49,25,47,2026-09-28T18:40:42
50,25,39,2026-09-28T18:41:22
51,25,29,2026-09-28T18:42:00
52,25,54,2026-09-28T18:42:40
53,25,37,2026-09-28T18:43:18
54,25,63,2026-09-28T18:43:57
55,25,46,2026-09-28T18:44:36
56,25,96,2026-09-28T18:45:15
57,25,86,2026-09-28T18:45:53
58,25,59,2026-09-28T18:46:31
59,25,49,2026-09-28T18:47:08
60,25,52,2026-09-28T18:47:44
61,25,44,2026-09-28T19:08:32
62,25,44,2026-09-28T19:09:06
63,25,36,2026-09-28T19:09:40
64,25,37,2026-09-28T19:10:17
65,25,60,2026-09-28T19:10:51
66,25,43,2026-09-28T19:11:25
67,25,38,2026-09-28T19:11:58
68,25,83,2026-09-28T19:12:31
69,25,47,2026-09-28T19:13:06
70,25,49,2026-09-28T19:13:39
71,25,52,2026-09-28T19:14:13
72,25,51,2026-09-28T19:14:45
73,25,41,2026-09-28T19:15:18
74,25,91,2026-09-28T19:15:51
75,25,35,2026-09-28T19:16:23
76,25,34,2026-09-28T19:19:48
77,25,57,2026-09-28T19:20:28
78,25,41,2026-09-28T19:21:08
79,25,51,2026-09-28T19:21:46
80,25,45,2026-09-28T19:22:25
81,25,44,2026-09-28T19:23:04
82,25,41,2026-09-28T19:23:42
83,25,42,2026-09-28T19:24:21
84,25,29,2026-09-28T19:25:01
85,25,48,2026-09-28T19:25:37
86,25,129,2026-09-28T19:26:16
87,25,37,2026-09-28T19:26:53
88,25,39,2026-09-28T19:27:32
89,25,72,2026-09-28T19:28:09
90,25,59,2026-09-28T19:28:46
